0,734712799;01032020SOP06;43831;44109;1234,11
0,734712799;1;ADMINISTRAÇÃO LOCAL;;
0,738750077;1.1;ENCARREGADO GERAL/MESTRE DE OBRA (COM ENCARGOS INCLUSOS);HxMÊ;8,00
0,735000182;1.2;TÉCNICO DE NÍVEL MÉDIO (COM ENCARGOS INCLUSOS);HxMÊ;4,00
0,609999863;1.3;ALMOXARIFE (COM ENCARGOS INCLUSOS);HxMÊ;8,00
0,86000009;1.4;ENGENHEIRO PLENO (COM ENCARGOS INCLUSOS);HxMÊ;2,00
0,93223968;2;SERVIÇOS PRELIMINARES;;
0;2.1;PLACAS PADRÃO DE OBRA;M2;12,00
1;2.2;TAPUME DE TÁBUAS DE 3.ª C/ABERTURA E PORTÃO;M2;252,00
1;3;SERVIÇOS DE COBERTAS;;
1;3.1;COBERTA DO BLOCO DO COMANDO/SUBCOMANDO;;
1;3.1.1;DEMOLIÇÃO DE ESTRUTURA DE MADEIRA P/TELHADOS;M2;100,61
1;3.1.2;DEMOLIÇÃO DE COBERTURA C/TELHAS ONDULADAS DE FIBROCIMENTO;M2;201,23
1;3.1.3;CARGA MANUAL DE ENTULHO EM CAMINHÃO BASCULANTE;M3;26,16
1;3.1.4;TRANSPORTE DE MATERIAL, EXCETO ROCHA EM CAMINHÃO ATÉ 20KM;M3;26,16
1;3.1.5;TRANSPORTE HORIZONTAL DE 60,01 ATÉ 100,00M DE MATERIAIS À GRANEL;M3;26,16
1;3.1.6;ESTRUTURA DE MADEIRA P/ TELHA ONDULADA DE FIBROCIMENTO, ALUMÍNIO OU PLÁSTICAS,VÃO 15m;M2;100,61
1;3.1.7;TELHA DE FIBROCIMENTO ONDULADA E= 8mm, INCLINAÇÃO 27%;M2;201,23
1;3.1.8;CUMEEIRA UNIVERSAL DE FIBROCIMENTO P/TELHA ONDULADA;M;17,59
1;3.1.9;PENTOX2 DEMÃOS APLICADO EM MADEIRAS;M2;201,23
1;3.2;COBERTA DEPÓSITO DAS MOTOS;;
1;3.2.1;DEMOLIÇÃO DE ESTRUTURA DE MADEIRA P/TELHADOS;M2;187,57
1;3.2.2;DEMOLIÇÃO DE COBERTURA C/TELHAS ONDULADAS DE FIBROCIMENTO;M2;375,14
1;3.2.3;CARGA MANUAL DE ENTULHO EM CAMINHÃO BASCULANTE;M3;48,77
1;3.2.4;TRANSPORTE DE MATERIAL, EXCETO ROCHA EM CAMINHÃO ATÉ 20KM;M3;48,77
1;3.2.5;TRANSPORTE HORIZONTAL DE 60,01 ATÉ 100,00M DE MATERIAIS À GRANEL;M3;48,77
1;3.2.6;ESTRUTURA DE MADEIRA P/ TELHA ONDULADA DE FIBROCIMENTO, ALUMÍNIO OU PLÁSTICAS,VÃO 15m;M2;187,57
1;3.2.7;TELHA DE FIBROCIMENTO ONDULADA E= 8mm, INCLINAÇÃO 27%;M2;375,14
1;3.2.8;CUMEEIRA UNIVERSAL DE FIBROCIMENTO P/TELHA ONDULADA;M;26,40
1;3.2.9;PENTOX2 DEMÃOS APLICADO EM MADEIRAS;M2;375,14
1;3.3;COBERTA DA BARBEARIA;;
1;3.3.1;DEMOLIÇÃO DE ESTRUTURA DE MADEIRA P/TELHADOS;M2;63,22
1;3.3.2;DEMOLIÇÃO DE COBERTURA C/TELHAS ONDULADAS DE FIBROCIMENTO;M2;126,43
1;3.3.3;CARGA MANUAL DE ENTULHO EM CAMINHÃO BASCULANTE;M3;16,44
1;3.3.4;TRANSPORTE DE MATERIAL, EXCETO ROCHA EM CAMINHÃO ATÉ 20KM;M3;16,44
1;3.3.5;TRANSPORTE HORIZONTAL DE 60,01 ATÉ 100,00M DE MATERIAIS À GRANEL;M3;16,44
1;3.3.6;ESTRUTURA DE MADEIRA P/ TELHA ONDULADA DE FIBROCIMENTO, ALUMÍNIO OU PLÁSTICAS,VÃO 15m;M2;63,22
1;3.3.7;TELHA DE FIBROCIMENTO ONDULADA E= 8mm, INCLINAÇÃO 27%;M2;126,43
1;3.3.8;CUMEEIRA UNIVERSAL DE FIBROCIMENTO P/TELHA ONDULADA;M;13,45
1;3.3.9;PENTOX2 DEMÃOS APLICADO EM MADEIRAS;M2;126,43
1;3.4;COBERTA DA ANTIGA BIBLIOTECA;;
1;3.4.1;DEMOLIÇÃO DE ESTRUTURA DE MADEIRA P/TELHADOS;M2;188,31
1;3.4.2;DEMOLIÇÃO DE COBERTURA C/TELHAS ONDULADAS DE FIBROCIMENTO;M2;376,63
1;3.4.3;CARGA MANUAL DE ENTULHO EM CAMINHÃO BASCULANTE;M3;48,96
1;3.4.4;TRANSPORTE DE MATERIAL, EXCETO ROCHA EM CAMINHÃO ATÉ 20KM;M3;48,96
1;3.4.5;TRANSPORTE HORIZONTAL DE 60,01 ATÉ 100,00M DE MATERIAIS À GRANEL;M3;48,96
1;3.4.6;ESTRUTURA DE MADEIRA P/ TELHA ONDULADA DE FIBROCIMENTO, ALUMÍNIO OU PLÁSTICAS,VÃO 15m;M2;188,31
1;3.4.7;TELHA DE FIBROCIMENTO ONDULADA E= 8mm, INCLINAÇÃO 27%;M2;376,63
1;3.4.8;CUMEEIRA UNIVERSAL DE FIBROCIMENTO P/TELHA ONDULADA;M;28,75
1;3.4.9;PENTOX2 DEMÃOS APLICADO EM MADEIRAS;M2;376,63
1;3.5;COBERTA DO ALOJAMENTO SARGENTOS E;;
1;3.5.1;DEMOLIÇÃO DE ESTRUTURA DE MADEIRA P/TELHADOS;M2;145,25
1;3.5.2;DEMOLIÇÃO DE COBERTURA C/TELHAS ONDULADAS DE FIBROCIMENTO;M2;290,50
1;3.5.3;CARGA MANUAL DE ENTULHO EM CAMINHÃO BASCULANTE;M3;37,77
1;3.5.4;TRANSPORTE DE MATERIAL, EXCETO ROCHA EM CAMINHÃO ATÉ 20KM;M3;37,77
1;3.5.5;TRANSPORTE HORIZONTAL DE 60,01 ATÉ 100,00M DE MATERIAIS À GRANEL;M3;37,77
1;3.5.6;ESTRUTURA DE MADEIRA P/ TELHA ONDULADA DE FIBROCIMENTO, ALUMÍNIO OU PLÁSTICAS,VÃO 15m;M2;145,25
1;3.5.7;TELHA DE FIBROCIMENTO ONDULADA E= 8mm, INCLINAÇÃO 27%;M2;290,50
1;3.5.8;CUMEEIRA UNIVERSAL DE FIBROCIMENTO P/TELHA ONDULADA;M;17,50
1;3.5.9;PENTOX2 DEMÃOS APLICADO EM MADEIRAS;M2;290,50
1;3.6;COBERTA DO AUDITÓRIO;;
1;3.6.1;DEMOLIÇÃO DE ESTRUTURA DE MADEIRA P/TELHADOS;M2;274,11
1;3.6.2;DEMOLIÇÃO DE COBERTURA C/TELHAS ONDULADAS DE FIBROCIMENTO;M2;548,21
1;3.6.3;CARGA MANUAL DE ENTULHO EM CAMINHÃO BASCULANTE;M3;71,27
1;3.6.4;TRANSPORTE DE MATERIAL, EXCETO ROCHA EM CAMINHÃO ATÉ 20KM;M3;71,27
1;3.6.5;TRANSPORTE HORIZONTAL DE 60,01 ATÉ 100,00M DE MATERIAIS À GRANEL;M3;71,27
1;3.6.6;ESTRUTURA DE MADEIRA P/ TELHA ONDULADA DE FIBROCIMENTO, ALUMÍNIO OU PLÁSTICAS,VÃO 15m;M2;274,11
1;3.6.7;TELHA DE FIBROCIMENTO ONDULADA E= 8mm, INCLINAÇÃO 27%;M2;548,21
1;3.6.8;CUMEEIRA UNIVERSAL DE FIBROCIMENTO P/TELHA ONDULADA;M;41,25
1;3.6.9;PENTOX2 DEMÃOS APLICADO EM MADEIRAS;M2;548,21
1;3.7;COBERTA PRÉDIO DO RESERVATÓRIO;;
1;3.7.1;DEMOLIÇÃO MANUAL DE CONCRETO ARMADO;M3;21,00
1;3.7.2;DEMOLIÇÃO DE ESTRUTURA DE MADEIRA P/TELHADOS;M2;82,69
1;3.7.3;DEMOLIÇÃO DE COBERTURA C/TELHAS ONDULADAS DE FIBROCIMENTO;M2;165,39
1;3.7.4;CARGA MANUAL DE ENTULHO EM CAMINHÃO BASCULANTE;M3;48,80
1;3.7.5;TRANSPORTE DE MATERIAL, EXCETO ROCHA EM CAMINHÃO ATÉ 20KM;M3;48,80
1;3.7.6;TRANSPORTE HORIZONTAL DE 60,01 ATÉ 100,00M DE MATERIAIS À GRANEL;M3;48,80
1;3.7.7;ESTRUTURA DE MADEIRA P/ TELHA ONDULADA DE FIBROCIMENTO, ALUMÍNIO OU PLÁSTICAS,VÃO 15m;M2;82,69
1;3.7.8;TELHA DE FIBROCIMENTO ONDULADA E= 8mm, INCLINAÇÃO 27%;M2;165,39
1;3.7.9;CUMEEIRA UNIVERSAL DE FIBROCIMENTO P/TELHA ONDULADA;M;15,09
1;3.7.10;PENTOX2 DEMÃOS APLICADO EM MADEIRAS;M2;165,39
0,984919218;4;BLOCO PRINCIPAL COMANDO E SUBCOMANDO;;
1;4.1;DEMOLIÇÕES E RETIRADAS;;
1;4.1.1;DEMOLIÇÃO DE ALVENARIA DE TIJOLOS S/ REAPROVEITAMENTO;M3;1,39
1;4.1.2;DEMOLIÇÃO DE FORRO DE PVC;M2;144,54
1;4.1.3;DEMOLIÇÃO DE PISO CERÂMICO SOBRE LASTRO DE CONCRETO;M2;260,03
1;4.1.4;REMOÇÃO DE PINTURA ANTIGA À TEMPERA;M2;544,04
1;4.1.5;DEMOLIÇÃO DE REVESTIMENTO C/ARGAMASSA;M2;417,99
1;4.1.6;DEMOLIÇÃO DE REVESTIMENTO C/CERÂMICAS;M2;214,06
1;4.1.7;REMANEJAMENTO DE ESQUADRIAS DE ALUMÍNIO;M2;2,10
1;4.1.8;RETIRADA DE PORTAS E JANELAS, INCLUSIVE BATENTES;M2;19,49
1;4.1.9;REMANEJAMENTO DE CONDENSADORES DE MINICENTRAIS DE AR CONDICIONADO, INCLUSIVE PONTO DE FORÇA E RECARGA DE GAS;UN;1,00
1;4.1.10;DEMOLIÇÃO DE DIVISÓRIA OUTRAS (PRÉ MOLDADO);M2;27,06
1;4.1.11;RETIRADA DE CAIXA DE AR CONDICIONADO;UN;3,00
1;4.1.12;RETIRADA DE DISPOSITIVO DE PRESSÃO DAS PORTAS;UN;3,00
1;4.1.13;CARGA MANUAL DE ENTULHO EM CAMINHÃO BASCULANTE;M3;93,02
1;4.1.14;TRANSPORTE DE MATERIAL, EXCETO ROCHA EM CAMINHÃO ATÉ 20KM;M3;93,02
1;4.1.15;TRANSPORTE HORIZONTAL DE 60,01 ATÉ 100,00M DE MATERIAIS À GRANEL;M3;93,02
1;4.2;ESTRUTURAS, PAREDES E FECHAMENTOS;;
1;4.2.1;ALVENARIA DE TIJOLO CERÂMICO FURADO (9x19x19)cm C/ARGAMASSA MISTA DE CAL HIDRATADA ESP.=10cm (1:2:8);M2;19,44
1;4.2.2;VERGA RETA DE CONCRETO ARMADO;M3;0,34
1;4.2.3;ESCORAMENTO TUBULAR TIPO CONVENCIONAL;M3;2,91
1;4.2.4;DIVISÓRIA PAINEL PVC, MONTANTE/RODAPÉ SIMPLES, PERFIL EM ALUMÍNIO - FORNECIMENTO E MONTAGEM;M2;27,06
1;4.2.5;PORTA EM PVC P/DIVISÓRIA (0,80X2,10)M COMPLETA - FORNECIMENTO E MONTAGEM;UN;2,00
1;4.3;PISO;;
1;4.3.1;PISO MORTO CONCRETO FCK=13,5MPa C/PREPARO E LANÇAMENTO;M3;18,76
1;4.3.2;REGULARIZAÇÃO DE BASE C/ ARGAMASSA CIMENTO E AREIA S/ PENEIRAR, TRAÇO 1:3 - ESP= 3cm;M2;234,51
1;4.3.3;CERÂMICA ESMALTADA RETIFICADA C/ ARG. PRÉ-FABRICADA ACIMA DE 30x30 cm (900 cm²) - PEI-5/PEI-4 - P/ PISO;M2;234,51
1;4.3.4;REJUNTAMENTO C/ ARG. PRÉ-FABRICADA, JUNTA ATÉ 2mm EM CERÂMICA, ACIMA DE 30x30 cm (900 cm²) E PORCELANATOS (PAREDE/PISO);M2;234,51
1;4.3.5;REGULARIZAÇÃO PARA RODAPÉS C/ ARGAMASSA DE CIMENTO E AREIA S/ PENEIRAR, TRAÇO 1:5 - H=7cm, ESP= 3cm;M;177,29
1;4.3.6;FILETE DE GRANITO LARG.= 4cm;M;18,70
1;4.3.7;SOLEIRA DE GRANITO L= 25cm;M;3,90
1;4.4;FORRO;;
1;4.4.1;FORRO PVC - LAMBRI (100x6000 OU 200x6000)mm - FORNECIMENTO E MONTAGEM;M2;144,54
1;4.5;REVESTIMENTOS INTERNOS;;
1;4.5.1;CHAPISCO C/ ARGAMASSA DE CIMENTO E PEDRISCO TRAÇO 1:4ESP.= 7mm P/ PAREDE;M2;288,74
1;4.5.2;REBOCO C/ ARGAMASSA DE CIMENTO E AREIA PENEIRADA, TRAÇO 1:3;M2;288,74
1;4.5.3;CERÂMICA ESMALTADA RETIFICADA C/ ARG. CIMENTO E AREIA ACIMA DE 30x30cm (900 cm²) - PEI-5/PEI-4 P/ PAREDE;M2;228,46
1;4.5.4;REJUNTAMENTO C/ ARG. PRÉ-FABRICADA, JUNTA ATÉ 2mm EM CERÂMICA, ACIMA DE 30x30 cm (900 cm²) E PORCELANATOS (PAREDE/PISO);M2;228,46
1;4.6;REVESTIMENTOS EXTERNOS;;
1;4.6.1;CHAPISCO C/ ARGAMASSA DE CIMENTO E PEDRISCO TRAÇO 1:4ESP.= 7mm P/ PAREDE;M2;94,54
1;4.6.2;REBOCO C/ ARGAMASSA DE CIMENTO E AREIA PENEIRADA, TRAÇO 1:3;M2;94,54
1;4.7;PINTURA INTERNA;;
1;4.7.1;EMASSAMENTO DE PAREDES INTERNAS 2 DEMÃOS C/MASSA DE PVA;M2;577,48
1;4.7.2;TINTA ACRÍLICA 2 DEMÃOS C/ ROLO DE LÃ;M2;577,48
1;4.7.3;EMASSAMENTO DE ESQUADRIAS DE MADEIRA P/TINTA ÓLEO OU ESMALTE 2 DEMÃOS;M2;85,77
1;4.7.4;ESMALTE DUAS DEMÃOS EM ESQUADRIAS DE MADEIRA;M2;85,77
1;4.7.5;VERNIZ 3 DEMÃOS EM ESQUADRIAS DE MADEIRA;M2;21,40
1;4.7.6;ESMALTE DUAS DEMÃOS EM ESQUADRIAS DE FERRO;M2;8,75
1;4.8;PINTURA EXTERNA;;
1;4.8.1;REVESTIMENTO TEXTURIZADO EM PAREDES INTERNA/EXTERNA C/ROLO;M2;315,12
1;4.8.2;ANDAIME METÁLICO DE ENCAIXE P/FACHADAS-LOCAÇÃO MENSAL;M2;315,12
0,817336878;4.9;ESQUADRIAS;;
1;4.9.1;PORTA TIPO PARANÁ (0,80 x 2,10 m), COMPLETA;UN;3,00
1;4.9.2;PORTA TIPO PARANÁ (0,70 x 2,10 m), COMPLETA;UN;1,00
0;4.9.3;JANELA EM ALUMÍNIO ANODIZADO NATURAL/FOSCO, DE CORRER, SEM BANDEIROLA E/OU PEITORIL, SEM VIDRO - FORNECIMENTO E MONTAGEM;M2;14,00
1;4.9.4;PORTA 2 FOLHAS C/BANDEIRA DE VIDRO TEMPERADO E=10mm C/MOLA (1.80X2.90)m;CJ;1,00
1;4.9.5;VIDRO TEMPERADO INCOLOR C/MASSA E=6MM, COLOCADO;M2;14,00
1;4.9.6;PELÍCULA DE POLIÉSTER, INVESTIGAÇÃO;M2;14,00
1;4.9.7;PORTA DE ALUMÍNIO ANODIZADO COMPACTA;M2;4,20
1;4.9.8;MOLA HIDRÁULICA P/PORTA DE VIDRO;UN;3,00
1;4.9.9;FORRAMENTO DE MADEIRA L = 15 cm;CJ;2,00
1;4.10;ARMÁRIOS DE ALVENARIA;;
1;4.10.1;"PRATELEIRA PRÉ-MOLDADA ""IN LOCO"" DE CONCRETO ESP.=5,0CM";M2;10,30
1;4.10.2;CHAPISCO C/ ARGAMASSA DE CIMENTO E PEDRISCO TRAÇO 1:4ESP.= 7mm P/ PAREDE;M2;67,60
1;4.10.3;REBOCO C/ ARGAMASSA DE CIMENTO E AREIA PENEIRADA, TRAÇO 1:3;M2;67,60
1;4.10.4;PORTA DE ALUMÍNIO ANODIZADO COMPACTA;M2;12,01
1;4.10.5;EMASSAMENTO DE PAREDES INTERNAS 2 DEMÃOS C/MASSA DE PVA;M2;67,60
1;4.10.6;TINTA ACRÍLICA 2 DEMÃOS C/ ROLO DE LÃ;M2;67,60
1;4.11;INSTALAÇÕES HIDROSSANITÁRIAS, LOUÇAS E METAIS;;
1;4.11.1;PONTO HIDRÁULICO, MATERIAL E EXECUÇÃO;PT;15,00
1;4.11.2;PONTO SANITÁRIO, MATERIAL E EXECUÇÃO;PT;20,00
1;4.11.3;BACIA DE LOUÇA BRANCA C/CAIXA ACOPLADA;UN;6,00
1;4.11.4;DUCHA P/ WC CROMADO (INSTALADO);UN;6,00
1;4.11.5;TORNEIRA DE FECHAMENTO AUTOMÁTICO;UN;5,00
1;4.11.6;RALO SECOPVC RÍGIDO;UN;9,00
1;4.11.7;CHUVEIRO CROMADO C/ ARTICULAÇÃO;UN;6,00
1;4.11.8;BANCADA EM GRANITO P/ LAVATÓRIO, INCL. LOUÇA BRANCA E ACESSÓRIOS;CJ;5,00
1;4.11.9;"SIFÃO CROMADO 1 1/4"" X 2"" (INSTALADO)";UN;5,00
1;4.11.10;ENGATE CROMADO (INSTALADO);UN;5,00
1;4.11.11;"REGISTRO DE GAVETA C/CANOPLA CROMADA D= 25mm (1"")";UN;5,00
1;4.11.12;CAIXA D´ÁGUA EM FYBERGLASS - CAP. 1000L;UN;3,00
1;4.11.13;"TORNEIRA DE BÓIA D= 40mm (1 1/2"")";UN;3,00
1;4.11.14;CAIXA EM ALVENARIA (80X80X60cm) DE 1/2 TIJOLO COMUM, LASTRO DE CONCRETO E TAMPA DE CONCRETO;UN;2,00
1;4.11.15;"TUBO PVC ROSC. BRANCO D= 4""(110mm)";M;40,00
1;4.11.16;"TUBO PVC SOLD. MARROM INCL.CONEXÕES D= 40mm (1 1/4"")";M;120,00
1;4.11.17;DESOBSTRUÇÃO DE TUBULAÇÕES;M;150,00
1;4.11.18;MICTÓRIO COLETIVO DE AÇO INOXIDÁVEL;M;1,50
1;4.12;LIMPEZA FINAL;;
1;4.12.1;LIMPEZA GERAL;M2;234,51
1;5;DEPOSITO DE MOTOS/ ALOJAMENTOS;;
1;5.1;DEMOLIÇÕES E RETIRADAS;;
1;5.1.1;REMOÇÃO DE PINTURA ANTIGA À TEMPERA;M2;278,50
1;5.1.2;DEMOLIÇÃO DE REVESTIMENTO C/ARGAMASSA;M2;278,50
1;5.1.3;DEMOLIÇÃO DE FORRO DE PVC;M2;49,28
1;5.1.4;RETIRADA DE PORTAS E JANELAS, INCLUSIVE BATENTES;M2;15,75
1;5.1.5;RETIRADA DE CAIXA DE AR CONDICIONADO;UN;1,00
1;5.1.6;DEMOLIÇÃO DE PISO CERÂMICO SOBRE LASTRO DE CONCRETO;M2;161,28
1;5.1.7;CARGA MANUAL DE ENTULHO EM CAMINHÃO BASCULANTE;M3;31,96
1;5.1.8;TRANSPORTE DE MATERIAL, EXCETO ROCHA EM CAMINHÃO ATÉ 20KM;M3;31,96
1;5.1.9;TRANSPORTE HORIZONTAL DE 60,01 ATÉ 100,00M DE MATERIAIS À GRANEL;M3;31,96
1;5.2;PISOS;;
1;5.2.1;PISO MORTO CONCRETO FCK=13,5MPa C/PREPARO E LANÇAMENTO;M3;8,06
1;5.2.2;REGULARIZAÇÃO DE BASE C/ ARGAMASSA CIMENTO E AREIA S/ PENEIRAR, TRAÇO 1:3 - ESP= 3cm;M2;240,00
1;5.2.3;CERÂMICA ESMALTADA RETIFICADA C/ ARG. PRÉ-FABRICADA ACIMA DE 30x30 cm (900 cm²) - PEI-5/PEI-4 - P/ PISO;M2;161,28
1;5.2.4;REJUNTAMENTO C/ ARG. PRÉ-FABRICADA, JUNTA ATÉ 2mm EM CERÂMICA, ACIMA DE 30x30 cm (900 cm²) E PORCELANATOS (PAREDE/PISO);M2;161,28
1;5.2.5;REGULARIZAÇÃO PARA RODAPÉS C/ ARGAMASSA DE CIMENTO E AREIA S/ PENEIRAR, TRAÇO 1:5 - H=7cm, ESP= 3cm;M;72,32
1;5.2.6;SOLEIRA DE GRANITO L= 25cm;M;2,60
1;5.3;FORRO;;
1;5.3.1;FORRO PVC - LAMBRI (100x6000 OU 200x6000)mm - FORNECIMENTO E MONTAGEM;M2;676,48
1;5.4;REVESTIMENTOS INTERNOS;;
1;5.4.1;CHAPISCO C/ ARGAMASSA DE CIMENTO E PEDRISCO TRAÇO 1:4ESP.= 7mm P/ PAREDE;M2;379,14
1;5.4.2;REBOCO C/ ARGAMASSA DE CIMENTO E AREIA PENEIRADA, TRAÇO 1:3;M2;379,14
1;5.5;REVESTIMENTOS EXTERNOS;;
1;5.5.1;CHAPISCO C/ ARGAMASSA DE CIMENTO E PEDRISCO TRAÇO 1:4ESP.= 7mm P/ PAREDE;M2;275,52
1;5.5.2;REBOCO C/ ARGAMASSA DE CIMENTO E AREIA PENEIRADA, TRAÇO 1:3;M2;275,52
1;5.6;PINTURA INTERNA;;
1;5.6.1;EMASSAMENTO DE PAREDES INTERNAS 2 DEMÃOS C/MASSA DE PVA;M2;574,61
1;5.6.2;TINTA ACRÍLICA 2 DEMÃOS C/ ROLO DE LÃ;M2;299,09
1;5.6.3;EMASSAMENTO DE ESQUADRIAS DE MADEIRA P/TINTA ÓLEO OU ESMALTE 2 DEMÃOS;M2;51,86
1;5.6.4;ESMALTE DUAS DEMÃOS EM ESQUADRIAS DE MADEIRA;M2;51,86
1;5.7;PINTURA EXTERNA;;
1;5.7.1;REVESTIMENTO TEXTURIZADO EM PAREDES INTERNA/EXTERNA C/ROLO;M2;257,91
1;5.7.2;ANDAIME METÁLICO DE ENCAIXE P/FACHADAS-LOCAÇÃO MENSAL;M2;257,91
1;5.8;ESQUADRIAS;;
1;5.8.1;CARPINTEIRO;H;49,79
1;5.8.2;AJUDANTE DE CARPINTEIRO;H;49,79
1;5.8.3;PREGO;KG;2,07
1;5.8.4;MADEIRA (PEROBA);M3;0,12
1;5.9;LIMPEZA FINAL;;
1;5.9.1;LIMPEZA GERAL;M2;210,56
1;6;BARBEARIAS;;
1;6.1;DEMOLIÇÕES E RETIRADAS;;
1;6.1.1;DEMOLIÇÃO DE FORRO DE PVC;M2;13,77
1;6.1.2;DEMOLIÇÃO DE PISO CERÂMICO SOBRE LASTRO DE CONCRETO;M2;13,77
1;6.1.3;REMOÇÃO DE PINTURA ANTIGA À TEMPERA;M2;25,58
1;6.1.4;DEMOLIÇÃO DE REVESTIMENTO C/ARGAMASSA;M2;25,58
1;6.1.5;CARGA MANUAL DE ENTULHO EM CAMINHÃO BASCULANTE;M3;2,51
1;6.1.6;TRANSPORTE DE MATERIAL, EXCETO ROCHA EM CAMINHÃO ATÉ 20KM;M3;2,51
1;6.1.7;TRANSPORTE HORIZONTAL DE 60,01 ATÉ 100,00M DE MATERIAIS À GRANEL;M3;2,51
1;6.2;PISOS;;
1;6.2.1;PISO MORTO CONCRETO FCK=13,5MPa C/PREPARO E LANÇAMENTO;M3;0,69
1;6.2.2;REGULARIZAÇÃO DE BASE C/ ARGAMASSA CIMENTO E AREIA S/ PENEIRAR, TRAÇO 1:3 - ESP= 3cm;M2;13,77
1;6.2.3;CERÂMICA ESMALTADA RETIFICADA C/ ARG. PRÉ-FABRICADA ACIMA DE 30x30 cm (900 cm²) - PEI-5/PEI-4 - P/ PISO;M2;13,77
1;6.2.4;REJUNTAMENTO C/ ARG. PRÉ-FABRICADA, JUNTA ATÉ 2mm EM CERÂMICA, ACIMA DE 30x30 cm (900 cm²) E PORCELANATOS (PAREDE/PISO);M2;13,77
1;6.2.5;REGULARIZAÇÃO PARA RODAPÉS C/ ARGAMASSA DE CIMENTO E AREIA S/ PENEIRAR, TRAÇO 1:5 - H=7cm, ESP= 3cm;M;21,32
1;6.3;FORRO;;
1;6.3.1;FORRO PVC - LAMBRI (100x6000 OU 200x6000)mm - FORNECIMENTO E MONTAGEM;M2;13,77
1;6.4;REVESTIMENTOS INTERNOS;;
1;6.4.1;CHAPISCO C/ ARGAMASSA DE CIMENTO E PEDRISCO TRAÇO 1:4ESP.= 7mm P/ PAREDE;M2;25,58
1;6.4.2;REBOCO C/ ARGAMASSA DE CIMENTO E AREIA PENEIRADA, TRAÇO 1:3;M2;25,58
1;6.5;REVESTIMENTOS EXTERNOS;;
1;6.5.1;CHAPISCO C/ ARGAMASSA DE CIMENTO E PEDRISCO TRAÇO 1:4ESP.= 7mm P/ PAREDE;M2;29,70
1;6.5.2;REBOCO C/ ARGAMASSA DE CIMENTO E AREIA PENEIRADA, TRAÇO 1:3;M2;29,70
1;6.6;PINTURA INTERNA;;
1;6.6.1;EMASSAMENTO DE PAREDES INTERNAS 2 DEMÃOS C/MASSA DE PVA;M2;51,17
1;6.6.2;TINTA ACRÍLICA 2 DEMÃOS C/ ROLO DE LÃ;M2;51,17
1;6.6.3;EMASSAMENTO DE ESQUADRIAS DE MADEIRA P/TINTA ÓLEO OU ESMALTE 2 DEMÃOS;M2;8,40
1;6.6.4;ESMALTE DUAS DEMÃOS EM ESQUADRIAS DE MADEIRA;M2;8,40
1;6.7;PINTURA EXTERNA;;
1;6.7.1;REVESTIMENTO TEXTURIZADO EM PAREDES INTERNA/EXTERNA C/ROLO;M2;59,40
1;6.8;ESQUADRIAS;;
1;6.8.1;PORTA TIPO PARANÁ (0,80 x 2,10 m), COMPLETA;UN;2,00
1;6.9;LIMPEZA FINAL;;
1;6.9.1;LIMPEZA GERAL;M2;13,77
1;7;ALOJAMANTOS SARGENTOS E SUBTENENTES/ DEP.;;
1;7.1;DEMOLIÇÕES E RETIRADAS;;
1;7.1.1;DEMOLIÇÃO DE FORRO DE GESSO;M2;36,18
1;7.1.2;DEMOLIÇÃO DE PISO CERÂMICO SOBRE LASTRO DE CONCRETO;M2;78,90
1;7.1.3;REMOÇÃO DE PINTURA ANTIGA À TEMPERA;M2;189,74
1;7.1.4;DEMOLIÇÃO DE REVESTIMENTO C/ARGAMASSA;M2;189,74
1;7.1.5;RETIRADA DE PORTAS E JANELAS, INCLUSIVE BATENTES;M2;9,63
1;7.1.6;CARGA MANUAL DE ENTULHO EM CAMINHÃO BASCULANTE;M3;24,42
1;7.1.7;TRANSPORTE DE MATERIAL, EXCETO ROCHA EM CAMINHÃO ATÉ 20KM;M3;24,42
1;7.1.8;TRANSPORTE HORIZONTAL DE 60,01 ATÉ 100,00M DE MATERIAIS À GRANEL;M3;24,42
1;7.2;PISOS;;
1;7.2.1;PISO MORTO CONCRETO FCK=13,5MPa C/PREPARO E LANÇAMENTO;M3;3,94
1;7.2.2;REGULARIZAÇÃO DE BASE C/ ARGAMASSA CIMENTO E AREIA S/ PENEIRAR, TRAÇO 1:3 - ESP= 3cm;M2;78,90
1;7.2.3;CERÂMICA ESMALTADA RETIFICADA C/ ARG. PRÉ-FABRICADA ACIMA DE 30x30 cm (900 cm²) - PEI-5/PEI-4 - P/ PISO;M2;78,90
1;7.2.4;REJUNTAMENTO C/ ARG. PRÉ-FABRICADA, JUNTA ATÉ 2mm EM CERÂMICA, ACIMA DE 30x30 cm (900 cm²) E PORCELANATOS (PAREDE/PISO);M2;78,90
1;7.2.5;REGULARIZAÇÃO PARA RODAPÉS C/ ARGAMASSA DE CIMENTO E AREIA S/ PENEIRAR, TRAÇO 1:5 - H=7cm, ESP= 3cm;M;47,90
1;7.2.6;SOLEIRA DE GRANITO L= 25cm;M;2,60
1;7.3;FORRO;;
1;7.3.1;FORRO PVC - LAMBRI (100x6000 OU 200x6000)mm - FORNECIMENTO E MONTAGEM;M2;78,90
1;7.4;REVESTIMENTOS INTERNOS;;
1;7.4.1;CHAPISCO C/ ARGAMASSA DE CIMENTO E PEDRISCO TRAÇO 1:4ESP.= 7mm P/ PAREDE;M2;86,01
1;7.4.2;REBOCO C/ ARGAMASSA DE CIMENTO E AREIA PENEIRADA, TRAÇO 1:3;M2;86,01
1;7.4.3;CERÂMICA ESMALTADA RETIFICADA C/ ARG. CIMENTO E AREIA ACIMA DE 30x30cm (900 cm²) - PEI-5/PEI-4 P/ PAREDE;M2;28,32
1;7.4.4;REJUNTAMENTO C/ ARG. PRÉ-FABRICADA, JUNTA ATÉ 2mm EM CERÂMICA, ACIMA DE 30x30 cm (900 cm²) E PORCELANATOS (PAREDE/PISO);M2;28,32
1;7.5;REVESTIMENTOS EXTERNOS;;
1;7.5.1;CHAPISCO C/ ARGAMASSA DE CIMENTO E PEDRISCO TRAÇO 1:4ESP.= 7mm P/ PAREDE;M2;103,73
1;7.5.2;REBOCO C/ ARGAMASSA DE CIMENTO E AREIA PENEIRADA, TRAÇO 1:3;M2;103,73
1;7.6;PINTURA INTERNA;;
1;7.6.1;EMASSAMENTO DE PAREDES INTERNAS 2 DEMÃOS C/MASSA DE PVA;M2;172,02
1;7.6.2;TINTA ACRÍLICA 2 DEMÃOS C/ ROLO DE LÃ;M2;172,02
1;7.6.3;EMASSAMENTO DE ESQUADRIAS DE MADEIRA P/TINTA ÓLEO OU ESMALTE 2 DEMÃOS;M2;24,08
1;7.6.4;ESMALTE DUAS DEMÃOS EM ESQUADRIAS DE MADEIRA;M2;24,08
1;7.7;PINTURA EXTERNA;;
1;7.7.1;REVESTIMENTO TEXTURIZADO EM PAREDES INTERNA/EXTERNA C/ROLO;M2;207,45
1;7.7.2;ANDAIME METÁLICO DE ENCAIXE P/FACHADAS-LOCAÇÃO MENSAL;M2;207,45
1;7.8;LOCAÇÃO MENSAL ESQUADRIAS;;
1;7.8.1;CARPINTEIRO;H;32,00
1;7.8.2;AJUDANTE DE CARPINTEIRO;H;32,00
1;7.8.3;PREGO;KG;4,00
1;7.8.4;MADEIRA (PEROBA);M3;0,48
1;7.9;INSTALAÇÕES HIDRÁULICAS;;
1;7.9.1;PONTO HIDRÁULICO, MATERIAL E EXECUÇÃO;PT;4,00
1;7.9.2;PONTO SANITÁRIO, MATERIAL E EXECUÇÃO;PT;4,00
1;7.9.3;BACIA DE LOUÇA BRANCA C/CAIXA ACOPLADA;UN;1,00
1;7.9.4;DUCHA P/ WC CROMADO (INSTALADO);UN;1,00
1;7.9.5;TORNEIRA DE FECHAMENTO AUTOMÁTICO;UN;1,00
1;7.9.6;RALO SECOPVC RÍGIDO;UN;1,00
1;7.9.7;CHUVEIRO CROMADO C/ ARTICULAÇÃO;UN;1,00
1;7.9.8;BANCADA EM GRANITO P/ LAVATÓRIO, INCL. LOUÇA BRANCA E ACESSÓRIOS;CJ;1,00
1;7.9.9;"SIFÃO CROMADO 1 1/4"" X 2"" (INSTALADO)";UN;1,00
1;7.9.10;ENGATE CROMADO (INSTALADO);UN;1,00
1;7.9.11;"REGISTRO DE GAVETA C/CANOPLA CROMADA D= 25mm (1"")";UN;1,00
1;7.9.12;CAIXA D´ÁGUA EM FYBERGLASS - CAP. 1000L;UN;1,00
1;7.9.13;"TORNEIRA DE BÓIA D= 40mm (1 1/2"")";UN;1,00
1;7.9.14;CAIXA EM ALVENARIA (80X80X60cm) DE 1/2 TIJOLO COMUM, LASTRO DE CONCRETO E TAMPA DE CONCRETO;UN;1,00
1;7.9.15;"TUBO PVC ROSC. BRANCO D= 4""(110mm)";M;12,00
1;7.9.16;"TUBO PVC SOLD. MARROM INCL.CONEXÕES D= 40mm (1 1/4"")";M;12,00
1;7.10;LIMPEZA FINAL;;
1;7.10.1;LIMPEZA GERAL;M2;115,32
1;8;REFEITÓRIO/ AUDITÓRIO;;
1;8.1;DEMOLIÇÕES E RETIRADAS;;
1;8.1.1;DEMOLIÇÃO DE REVESTIMENTO C/CERÂMICAS;M2;100,10
1;8.1.2;DEMOLIÇÃO DE PISO CERÂMICO SOBRE LASTRO DE CONCRETO;M2;354,12
1;8.1.3;DEMOLIÇÃO DE REVESTIMENTO C/ARGAMASSA;M2;654,18
1;8.1.4;RETIRADA DE PORTAS E JANELAS, INCLUSIVE BATENTES;M2;25,38
1;8.1.5;RETIRADA DE ÁRVORES;UN;2,00
1;8.1.6;CARGA MANUAL DE ENTULHO EM CAMINHÃO BASCULANTE;M3;73,44
1;8.1.7;TRANSPORTE DE MATERIAL, EXCETO ROCHA EM CAMINHÃO ATÉ 20KM;M3;73,44
1;8.1.8;TRANSPORTE HORIZONTAL DE 60,01 ATÉ 100,00M DE MATERIAIS À GRANEL;M3;73,44
1;8.2;PISOS E PAREDES;;
1;8.2.1;ATERRO C/COMPACTAÇÃO MANUAL S/CONTROLE, MAT. C/AQUISIÇÃO;M3;26,66
1;8.2.2;PISO MORTO CONCRETO FCK=13,5MPa C/PREPARO E LANÇAMENTO;M3;29,21
1;8.2.3;REGULARIZAÇÃO DE BASE C/ ARGAMASSA CIMENTO E AREIA S/ PENEIRAR, TRAÇO 1:3 - ESP= 3cm;M2;365,12
1;8.2.4;CERÂMICA ESMALTADA RETIFICADA C/ ARG. PRÉ-FABRICADA ACIMA DE 30x30 cm (900 cm²) - PEI-5/PEI-4 - P/ PISO;M2;365,12
1;8.2.5;REJUNTAMENTO C/ ARG. PRÉ-FABRICADA, JUNTA ATÉ 2mm EM CERÂMICA, ACIMA DE 30x30 cm (900 cm²) E PORCELANATOS (PAREDE/PISO);M2;365,12
1;8.2.6;SOLEIRA DE GRANITO L= 25cm;M;2,60
1;8.2.7;ALVENARIA DE TIJOLO CERÂMICO FURADO (9x19x19)cm C/ARGAMASSA MISTA DE CAL HIDRATADA ESP.=10cm (1:2:8);M2;17,31
1;8.3;REVESTIMENTOS INTERNOS;;
1;8.3.1;CHAPISCO C/ ARGAMASSA DE CIMENTO E PEDRISCO TRAÇO 1:4ESP.= 7mm P/ PAREDE;M2;544,49
1;8.3.2;REBOCO C/ ARGAMASSA DE CIMENTO E AREIA PENEIRADA, TRAÇO 1:3;M2;544,49
1;8.3.3;CERÂMICA ESMALTADA RETIFICADA C/ ARG. CIMENTO E AREIA ACIMA DE 30x30cm (900 cm²) - PEI-5/PEI-4 P/ PAREDE;M2;59,67
1;8.3.4;REJUNTAMENTO C/ ARG. PRÉ-FABRICADA, JUNTA ATÉ 2mm EM CERÂMICA, ACIMA DE 30x30 cm (900 cm²) E PORCELANATOS (PAREDE/PISO);M2;59,67
1;8.3.5;APICOAMENTO EM CONCRETO/PREPARO DA SUPERFÍCIE;M2;5,68
1;8.3.6;LIMPEZA DE SUPERFÍCIE C/ ESCOVA DE AÇO;M2;5,68
1;8.3.7;PINTURA PROTEÇÃO C/INIBIDOR MIGRATÓRIO CORROSÃO, 3 DEMÃOS;M2;5,68
1;8.3.8;RECUPERAÇÃO CONCRETO, C/REFORÇO E RECONSTITUIÇÃO “GROUNT”, ESP.=60MM;M2;5,68
1;8.3.9;ACABAMENTO DE PEDREIRO;M2;5,68
1;8.4;REVESTIMENTOS EXTERNOS;;
1;8.4.1;CHAPISCO C/ ARGAMASSA DE CIMENTO E PEDRISCO TRAÇO 1:4ESP.= 7mm P/ PAREDE;M2;199,14
1;8.4.2;REBOCO C/ ARGAMASSA DE CIMENTO E AREIA PENEIRADA, TRAÇO 1:3;M2;199,14
1;8.5;PINTURA INTERNA;;
1;8.5.1;EMASSAMENTO DE PAREDES INTERNAS 2 DEMÃOS C/MASSA DE PVA;M2;592,80
1;8.5.2;TINTA ACRÍLICA 2 DEMÃOS C/ ROLO DE LÃ;M2;592,80
1;8.6;PINTURA EXTERNA;;
1;8.6.1;REVESTIMENTO TEXTURIZADO EM PAREDES INTERNA/EXTERNA C/ROLO;M2;398,27
1;8.6.2;ANDAIME METÁLICO DE ENCAIXE P/FACHADAS-LOCAÇÃO MENSAL;M2;398,27
1;8.6.3;ESMALTE DUAS DEMÃOS EM ESQUADRIAS DE MADEIRA;M2;113,40
1;8.6.4;EMASSAMENTO DE ESQUADRIAS DE MADEIRA P/TINTA ÓLEO OU ESMALTE 2 DEMÃOS;M2;113,40
1;8.7;ESQUADRIAS;;
1;8.7.1;CARPINTEIRO;H;112,00
1;8.7.2;AJUDANTE DE CARPINTEIRO;H;112,00
1;8.7.3;PREGO;KG;14,00
1;8.7.4;MADEIRA (PEROBA);M3;1,13
1;8.8;INSTALAÇÕES HIDROSSANITÁRIAS, LOUÇAS E METAIS;;
1;8.8.1;PONTO HIDRÁULICO, MATERIAL E EXECUÇÃO;PT;2,00
1;8.8.2;PONTO SANITÁRIO, MATERIAL E EXECUÇÃO;PT;2,00
1;8.8.3;BANCADA EM GRANITO P/ PIA DE COZINHA, INCL. CUBA DE AÇO INOXE ACESSÓRIOS;CJ;2,00
1;8.8.4;TORNEIRA DE PRESSÃO CROMADA LONGA P/PIA;UN;2,00
1;8.8.5;"SIFÃO CROMADO 1 1/4"" X 2"" (INSTALADO)";UN;2,00
1;8.8.6;RALO SECOPVC RÍGIDO;UN;1,00
1;8.8.7;"REGISTRO DE GAVETA C/CANOPLA CROMADA D= 25mm (1"")";UN;1,00
1;8.8.8;CAIXA D´ÁGUA EM FYBERGLASS - CAP. 1000L;UN;1,00
1;8.8.9;"TORNEIRA DE BÓIA D= 40mm (1 1/2"")";UN;1,00
1;8.8.10;CAIXA EM ALVENARIA (80X80X60cm) DE 1/2 TIJOLO COMUM, LASTRO DE CONCRETO E TAMPA DE CONCRETO;UN;1,00
1;8.9;LIMPEZA FINAL;;
1;8.9.1;LIMPEZA GERAL;M2;327,46
0;9;COZINHA/ VESTIÁRIO BLOCO DAS MOTOS/ CISTERNAS;;
0;9.1;DEMOLIÇÕES E RETIRADAS;;
0;9.1.1;DEMOLIÇÃO DE PISO CERÂMICO SOBRE LASTRO DE CONCRETO;M2;499,41
0;9.1.2;RETIRADA DE PORTAS E JANELAS, INCLUSIVE BATENTES;M2;10,08
0;9.1.3;DEMOLIÇÃO DE ALVENARIA DE TIJOLOS S/ REAPROVEITAMENTO;M3;180,32
0;9.1.4;DEMOLIÇÃO DE LOUÇA SANITÁRIA;UN;8,00
0;9.1.5;DEMOLIÇÃO MANUAL DE CONCRETO ARMADO;M3;10,70
0;9.1.6;DEMOLIÇÃO DE ESTRUTURA METÁLICA;M2;6,00
0;9.1.7;CARGA MANUAL DE ENTULHO EM CAMINHÃO BASCULANTE;M3;300,26
0;9.1.8;TRANSPORTE DE MATERIAL, EXCETO ROCHA EM CAMINHÃO ATÉ 20KM;M3;300,26
0;9.1.9;TRANSPORTE HORIZONTAL DE 60,01 ATÉ 100,00M DE MATERIAIS À GRANEL;M3;300,26
1;10;BLOCO DO RESERVATÓRIO;;
1;10.1;DEMOLIÇÕES E RETIRADAS;;
1;10.1.1;REMOÇÃO DE PINTURA ANTIGA À TEMPERA;M2;333,41
1;10.1.2;DEMOLIÇÃO DE REVESTIMENTO C/ARGAMASSA;M2;206,15
1;10.1.3;DEMOLIÇÃO DE PISO CERÂMICO SOBRE LASTRO DE CONCRETO;M2;126,42
1;10.1.4;RETIRADA DE PORTAS E JANELAS, INCLUSIVE BATENTES;M2;206,37
1;10.1.5;CARGA MANUAL DE ENTULHO EM CAMINHÃO BASCULANTE;M3;24,26
1;10.1.6;TRANSPORTE DE MATERIAL, EXCETO ROCHA EM CAMINHÃO ATÉ 20KM;M3;24,26
1;10.1.7;TRANSPORTE HORIZONTAL DE 60,01 ATÉ 100,00M DE MATERIAIS À GRANEL;M3;24,26
1;10.2;REVESTIMENTOS INTERNOS;;
1;10.2.1;CHAPISCO C/ ARGAMASSA DE CIMENTO E PEDRISCO TRAÇO 1:4ESP.= 7mm P/ PAREDE;M2;206,15
1;10.2.2;REBOCO C/ ARGAMASSA DE CIMENTO E AREIA PENEIRADA, TRAÇO 1:3;M2;206,15
1;10.3;REVESTIMENTOS EXTERNOS;;
1;10.3.1;CHAPISCO C/ ARGAMASSA DE CIMENTO E PEDRISCO TRAÇO 1:4ESP.= 7mm P/ PAREDE;M2;78,89
1;10.3.2;REBOCO C/ ARGAMASSA DE CIMENTO E AREIA PENEIRADA, TRAÇO 1:3;M2;78,89
1;10.4;PINTURA INTERNA;;
1;10.4.1;EMASSAMENTO DE PAREDES INTERNAS 2 DEMÃOS C/MASSA DE PVA;M2;460,67
1;10.4.2;TINTA ACRÍLICA 2 DEMÃOS C/ ROLO DE LÃ;M2;460,67
1;10.5;PINTURA EXTERNA;;
1;10.5.1;REVESTIMENTO TEXTURIZADO EM PAREDES INTERNA/EXTERNA C/ROLO;M2;157,78
1;10.5.2;EMASSAMENTO DE ESQUADRIAS DE MADEIRA P/TINTA ÓLEO OU ESMALTE 2 DEMÃOS;M2;24,30
1;10.5.3;ESMALTE DUAS DEMÃOS EM ESQUADRIAS DE MADEIRA;M2;24,30
1;10.5.4;ANDAIME METÁLICO DE ENCAIXE P/FACHADAS-LOCAÇÃO MENSAL;M2;157,78
1;10.6;ESQUADRIAS E PRATELEIRAS;;
1;10.6.1;CARPINTEIRO;H;23,33
1;10.6.2;AJUDANTE DE CARPINTEIRO;H;23,33
1;10.6.3;PREGO;KG;0,97
1;10.6.4;MADEIRA (PEROBA);M3;0,97
1;10.6.5;"PRATELEIRA PRÉ-MOLDADA ""IN LOCO"" DE CONCRETO ESP.=5,0CM";M2;12,32
1;10.6.6;SUPORTE EM BARRA CHATA DE FERRO ENGASTADO NA PAREDE P/BANCADAS E/OU PRATELEIRAS;UN;16,00
1;10.7;FORRO;;
1;10.7.1;FORRO PVC - LAMBRI (100x6000 OU 200x6000)mm - FORNECIMENTO E MONTAGEM;M2;126,42
1;10.8;PISOS;;
1;10.8.1;PISO MORTO CONCRETO FCK=13,5MPa C/PREPARO E LANÇAMENTO;M3;6,32
1;10.8.2;REGULARIZAÇÃO DE BASE C/ ARGAMASSA CIMENTO E AREIA S/ PENEIRAR, TRAÇO 1:3 - ESP= 3cm;M2;126,42
1;10.8.3;CERÂMICA ESMALTADA RETIFICADA C/ ARG. PRÉ-FABRICADA ACIMA DE 30x30 cm (900 cm²) - PEI-5/PEI-4 - P/ PISO;M2;126,42
1;10.8.4;REJUNTAMENTO C/ ARG. PRÉ-FABRICADA, JUNTA ATÉ 2mm EM CERÂMICA, ACIMA DE 30x30 cm (900 cm²) E PORCELANATOS (PAREDE/PISO);M2;126,42
1;10.8.5;SOLEIRA DE GRANITO L= 25cm;M;3,00
1;10.9;LIMPEZA FINAL;;
1;10.9.1;LIMPEZA GERAL;M2;126,42
1;11;BLOCO BIBLIOTECA/ DOJO E VESTIÁRIOS/ ALOJ. DOS;;
1;11.1;DEMOLIÇÕES E RETIRADAS;;
1;11.1.1;DEMOLIÇÃO DE ALVENARIA DE TIJOLOS S/ REAPROVEITAMENTO;M3;8,64
1;11.1.2;DEMOLIÇÃO DE PISO CERÂMICO SOBRE LASTRO DE CONCRETO;M2;342,22
1;11.1.3;REMOÇÃO DE PINTURA ANTIGA À TEMPERA;M2;146,58
1;11.1.4;DEMOLIÇÃO DE REVESTIMENTO C/ARGAMASSA;M2;334,16
1;11.1.5;DEMOLIÇÃO DE REVESTIMENTO C/CERÂMICAS;M2;362,16
1;11.1.6;RETIRADA DE PORTAS E JANELAS, INCLUSIVE BATENTES;M2;35,53
1;11.1.7;RETIRADA DE CAIXA DE AR CONDICIONADO;UN;1,00
1;11.1.8;CARGA MANUAL DE ENTULHO EM CAMINHÃO BASCULANTE;M3;69,74
1;11.1.9;TRANSPORTE DE MATERIAL, EXCETO ROCHA EM CAMINHÃO ATÉ 20KM;M3;69,74
1;11.1.10;TRANSPORTE HORIZONTAL DE 60,01 ATÉ 100,00M DE MATERIAIS À GRANEL;M3;69,74
1;11.2;ESTRUTURAS, PAREDES E FECHAMENTOS;;
1;11.2.1;LIMPEZA DE SUPERFÍCIE C/ ESCOVA DE AÇO;M2;2,82
1;11.2.2;PINTURA PROTEÇÃO C/INIBIDOR MIGRATÓRIO CORROSÃO, 3 DEMÃOS;M2;2,82
1;11.2.3;RECUPERAÇÃO CONCRETO, C/REFORÇO E RECONSTITUIÇÃO “GROUNT”, ESP.=60MM;M2;2,82
1;11.3;PISOS;;
1;11.3.1;PISO MORTO CONCRETO FCK=13,5MPa C/PREPARO E LANÇAMENTO;M3;13,77
1;11.3.2;REGULARIZAÇÃO DE BASE C/ ARGAMASSA CIMENTO E AREIA S/ PENEIRAR, TRAÇO 1:3 - ESP= 3cm;M2;275,33
1;11.3.3;CERÂMICA ESMALTADA RETIFICADA C/ ARG. PRÉ-FABRICADA ACIMA DE 30x30 cm (900 cm²) - PEI-5/PEI-4 - P/ PISO;M2;275,33
1;11.3.4;REJUNTAMENTO C/ ARG. PRÉ-FABRICADA, JUNTA ATÉ 2mm EM CERÂMICA, ACIMA DE 30x30 cm (900 cm²) E PORCELANATOS (PAREDE/PISO);M2;275,33
1;11.3.5;SOLEIRA DE GRANITO L= 25cm;M;4,45
1;11.4;REVESTIMENTOS INTERNOS;;
1;11.4.1;CHAPISCO C/ ARGAMASSA DE CIMENTO E PEDRISCO TRAÇO 1:4ESP.= 7mm P/ PAREDE;M2;452,34
1;11.4.2;REBOCO C/ ARGAMASSA DE CIMENTO E AREIA PENEIRADA, TRAÇO 1:3;M2;452,34
1;11.4.3;CERÂMICA ESMALTADA RETIFICADA C/ ARG. CIMENTO E AREIA ACIMA DE 30x30cm (900 cm²) - PEI-5/PEI-4 P/ PAREDE;M2;322,44
1;11.4.4;REJUNTAMENTO C/ ARG. PRÉ-FABRICADA, JUNTA ATÉ 2mm EM CERÂMICA, ACIMA DE 30x30 cm (900 cm²) E PORCELANATOS (PAREDE/PISO);M2;322,44
1;11.5;REVESTIMENTOS EXTERNOS;;
1;11.5.1;CHAPISCO C/ ARGAMASSA DE CIMENTO E PEDRISCO TRAÇO 1:4ESP.= 7mm P/ PAREDE;M2;187,58
1;11.5.2;REBOCO C/ ARGAMASSA DE CIMENTO E AREIA PENEIRADA, TRAÇO 1:3;M2;187,58
1;11.6;PINTURA INTERNA;;
1;11.6.1;EMASSAMENTO DE PAREDES INTERNAS 2 DEMÃOS C/MASSA DE PVA;M2;372,60
1;11.6.2;TINTA ACRÍLICA 2 DEMÃOS C/ ROLO DE LÃ;M2;372,60
1;11.7;PINTURA EXTERNA;;
1;11.7.1;REVESTIMENTO TEXTURIZADO EM PAREDES INTERNA/EXTERNA C/ROLO;M2;375,17
1;11.7.2;ANDAIME METÁLICO DE ENCAIXE P/FACHADAS-LOCAÇÃO MENSAL;M2;375,17
1;11.8;ESQUADRIAS E BORDO DO TATAME;;
1;11.8.1;PORTA TIPO PARANÁ (0,80 x 2,10 m), COMPLETA;UN;1,00
1;11.8.2;PORTA 2 FOLHAS C/BANDEIRA DE VIDRO TEMPERADO E=10mm C/MOLA (1.80X2.90)m;CJ;1,00
1;11.8.3;CARPINTEIRO;H;48,00
1;11.8.4;AJUDANTE DE CARPINTEIRO;H;48,00
1;11.8.5;PREGO;KG;6,00
1;11.8.6;MADEIRA (PEROBA);M3;0,57
1;11.8.7;EMASSAMENTO DE ESQUADRIAS DE MADEIRA P/TINTA ÓLEO OU ESMALTE 2 DEMÃOS;M2;23,63
1;11.8.8;ESMALTE DUAS DEMÃOS EM ESQUADRIAS DE MADEIRA;M2;23,63
1;11.9;INSTALAÇÕES HIDROSSANITÁRIAS, LOUÇAS E METAIS;;
1;11.9.1;PONTO HIDRÁULICO, MATERIAL E EXECUÇÃO;PT;46,00
1;11.9.2;PONTO SANITÁRIO, MATERIAL E EXECUÇÃO;PT;25,00
1;11.9.3;BACIA DE LOUÇA BRANCA C/CAIXA ACOPLADA;UN;12,00
1;11.9.4;DUCHA P/ WC CROMADO (INSTALADO);UN;12,00
1;11.9.5;TORNEIRA DE FECHAMENTO AUTOMÁTICO;UN;6,00
1;11.9.6;RALO SECOPVC RÍGIDO;UN;12,00
1;11.9.7;CHUVEIRO CROMADO C/ ARTICULAÇÃO;UN;8,00
1;11.9.8;BANCADA DE GRANITO C/ 3 CUBAS DE LOUÇAS, S/ACESSÓRIOS (2.00x0.60)m;UN;2,00
1;11.9.9;"SIFÃO CROMADO 1 1/4"" X 2"" (INSTALADO)";UN;6,00
1;11.9.10;ENGATE CROMADO (INSTALADO);UN;6,00
1;11.9.11;"REGISTRO DE GAVETA C/CANOPLA CROMADA D= 25mm (1"")";UN;2,00
1;11.9.12;CAIXA D´ÁGUA EM FYBERGLASS - CAP. 1000L;UN;2,00
1;11.9.13;"TORNEIRA DE BÓIA D= 40mm (1 1/2"")";UN;2,00
1;11.9.14;CAIXA EM ALVENARIA (80X80X60cm) DE 1/2 TIJOLO COMUM, LASTRO DE CONCRETO E TAMPA DE CONCRETO;UN;2,00
1;11.9.15;"TUBO PVC ROSC. BRANCO D= 4""(110mm)";M;80,00
1;11.9.16;"TUBO PVC SOLD. MARROM INCL.CONEXÕES D= 40mm (1 1/4"")";M;60,00
1;11.9.17;DESOBSTRUÇÃO DE TUBULAÇÕES;M;100,00
1;11.10;LIMPEZA FINAL;;
1;11.10.1;LIMPEZA GERAL;M2;256,49
0,67198615;12;MURO E CALÇADAS INTERNAS;;
1;12.1;DEMOLIÇÕES E RETIRADAS;;
1;12.1.1;DEMOLIÇÃO DE REVESTIMENTO C/ARGAMASSA;M2;980,60
1;12.1.2;RETIRADA DE GRADE DE FERRO;M2;11,70
1;12.1.3;CARGA MANUAL DE ENTULHO EM CAMINHÃO BASCULANTE;M3;38,24
1;12.1.4;TRANSPORTE DE MATERIAL, EXCETO ROCHA EM CAMINHÃO ATÉ 20KM;M3;38,24
1;12.1.5;TRANSPORTE HORIZONTAL DE 60,01 ATÉ 100,00M DE MATERIAIS À GRANEL;M3;38,24
1;12.2;RECUPERAÇÃO ESTRUTURAL MARQUISE;;
1;12.2.1;APICOAMENTO EM CONCRETO/PREPARO DA SUPERFÍCIE;M2;9,18
1;12.2.2;LIMPEZA DE SUPERFÍCIE C/ ESCOVA DE AÇO;M2;9,18
1;12.2.3;PINTURA PROTEÇÃO C/INIBIDOR MIGRATÓRIO CORROSÃO, 3 DEMÃOS;M2;9,18
1;12.2.4;RECUPERAÇÃO CONCRETO, C/REFORÇO E RECONSTITUIÇÃO “GROUNT”, ESP.=60MM;M2;9,18
1;12.2.5;ACABAMENTO DE PEDREIRO;M2;9,18
1;12.3;FECHAMENTOS E REVESTIMENTOS;;
1;12.3.1;CHAPISCO C/ ARGAMASSA DE CIMENTO E PEDRISCO TRAÇO 1:4ESP.= 7mm P/ PAREDE;M2;980,60
1;12.3.2;REBOCO C/ ARGAMASSA DE CIMENTO E AREIA PENEIRADA, TRAÇO 1:3;M2;980,60
1;12.3.3;"REVESTIMENTO METÁLICO, TIPO ""REYNOBOND"" DUAS CHAPAS";M2;9,00
1;12.3.4;ALVENARIA DE TIJOLO COMUM C/ARGAMASSA MISTA DE CAL HIDRATADA 1:2:8 ESP=10 cm;M2;27,60
1;12.4;PINTURA DO MURO;;
1;12.4.1;LATEX DUAS DEMÃOS EM PAREDES EXTERNAS S/MASSA;M2;993,20
1;12.4.2;ESMALTE DUAS DEMÃOS EM ESQUADRIAS DE FERRO;M2;29,25
1;12.5;CALÇADAS INTERNAS;;
1;12.5.1;ACABAMENTO DE PEDREIRO;M2;262,55
1;12.5.2;RECOMPOSIÇÃO DE MEIO FIO EM CONCRETO;M;189,00
1;12.5.3;PINTURA HIDRACOR;M2;623,15
1;12.5.4;CAIAÇÃO EM DUAS DEMÃOS COM SUPERCAL;M2;37,80
1;12.6;BANCOS DE CONCRETO;;
1;12.6.1;ALVENARIA DE TIJOLO CERÂMICO FURADO (9x19x19)cm C/ARGAMASSA MISTA DE CAL HIDRATADA ESP.=10cm (1:2:8);M2;2,16
1;12.6.2;ACABAMENTO DE PEDREIRO;M2;4,50
1;12.6.3;PINTURA HIDRACOR;M2;22,50
0;12.7;MURETA DA QUADRA;;
0;12.7.1;ALVENARIA DE TIJOLO CERÂMICO FURADO (9x19x19)cm C/ARGAMASSA MISTA DE CAL HIDRATADA ESP.=10cm (1:2:8);M2;30,36
0;12.7.2;ACABAMENTO DE PEDREIRO;M2;50,60
0;12.7.3;PINTURA HIDRACOR;M2;202,40
0;12.8;PINTURA DA QUADRA;;
0;12.8.1;ACABAMENTO DE PEDREIRO;M2;182,00
0;12.8.2;TINTA EPOXI EM PISOS, C/ SELADOR E EMASSAMENTO ACRÍLICO;M2;364,00
0;12.8.3;DEMARCAÇÃO DE QUADRA ESPORTIVA C/TINTA ACRÍLICA;M;140,00
1;12.9;LIMPEZA;;
1;12.9.1;LIMPEZA GERAL;M2;623,15
0,036485615;13;ALMOXARIFADO;;
0;13.1;DEMOLIÇÃO E RETIRADAS;;
0;13.1.1;DEMOLIÇÃO DE ALVENARIA DE TIJOLOS S/ REAPROVEITAMENTO;M3;3,47
0;13.1.2;DEMOLIÇÃO DE PISO CERÂMICO SOBRE LASTRO DE CONCRETO;M2;119,78
0;13.1.3;REMOÇÃO DE PINTURA ANTIGA À TEMPERA;M2;93,88
0;13.1.4;DEMOLIÇÃO DE REVESTIMENTO C/ARGAMASSA;M2;70,41
0;13.1.5;DEMOLIÇÃO DE REVESTIMENTO C/CERÂMICAS;M2;70,41
0;13.1.6;RETIRADA DE PORTAS E JANELAS, INCLUSIVE BATENTES;M2;3,36
0;13.1.7;CARGA MANUAL DE ENTULHO EM CAMINHÃO BASCULANTE;M3;21,54
0;13.1.8;TRANSPORTE DE MATERIAL, EXCETO ROCHA EM CAMINHÃO ATÉ 20KM;M3;21,54
0;13.1.9;TRANSPORTE HORIZONTAL DE 60,01 ATÉ 100,00M DE MATERIAIS À GRANEL;M3;21,54
0;13.2;PISOS;;
0;13.2.1;PISO MORTO CONCRETO FCK=13,5MPa C/PREPARO E LANÇAMENTO;M3;5,99
0;13.2.2;REGULARIZAÇÃO DE BASE C/ ARGAMASSA CIMENTO E AREIA S/ PENEIRAR, TRAÇO 1:3 - ESP= 3cm;M2;119,78
0;13.2.3;CERÂMICA ESMALTADA RETIFICADA C/ ARG. PRÉ-FABRICADA ACIMA DE 30x30 cm (900 cm²) - PEI-5/PEI-4 - P/ PISO;M2;119,78
0;13.2.4;REJUNTAMENTO C/ ARG. PRÉ-FABRICADA, JUNTA ATÉ 2mm EM CERÂMICA, ACIMA DE 30x30 cm (900 cm²) E PORCELANATOS (PAREDE/PISO);M2;119,78
0;13.3;REVESTIMENTOS INTERNOS;;
0;13.3.1;CHAPISCO C/ ARGAMASSA DE CIMENTO E PEDRISCO TRAÇO 1:4ESP.= 7mm P/ PAREDE;M2;46,94
0;13.3.2;REBOCO C/ ARGAMASSA DE CIMENTO E AREIA PENEIRADA, TRAÇO 1:3;M2;46,94
0;13.4;REVESTIMENTOS EXTERNOS;;
0;13.4.1;CHAPISCO C/ ARGAMASSA DE CIMENTO E PEDRISCO TRAÇO 1:4ESP.= 7mm P/ PAREDE;M2;4,30
0;13.4.2;REBOCO C/ ARGAMASSA DE CIMENTO E AREIA PENEIRADA, TRAÇO 1:3;M2;4,30
0;13.5;PINTURA INTERNA;;
0;13.5.1;EMASSAMENTO DE PAREDES INTERNAS 2 DEMÃOS C/MASSA DE PVA;M2;164,29
0;13.5.2;TINTA ACRÍLICA 2 DEMÃOS C/ ROLO DE LÃ;M2;164,29
1;13.6;PINTURA EXTERNA;;
1;13.6.1;REVESTIMENTO TEXTURIZADO EM PAREDES INTERNA/EXTERNA C/ROLO;M2;15,05
1;13.6.2;ESMALTE DUAS DEMÃOS EM ESQUADRIAS DE FERRO;M2;8,40
1;13.7;ESQUADRIAS;;
1;13.7.1;PORTA DE FERRO EM CHAPA;M2;3,36
1;13.7.2;FERROLHO DE SOBREPOR OU EMBUTIR GRANDE;UN;1,00
0;13.8;LIMPEZA;;
0;13.8.1;LIMPEZA GERAL;M2;119,78
1;14;GALPÃO DE MOTOS;;
1;14.1;DEMOLIÇÃO E RETIRADAS;;
1;14.1.1;DEMOLIÇÃO DE CONCRETO ARMADO C/MARTELETE PNEUMÁTICO;M3;0,50
1;14.1.2;DEMOLIÇÃO DE COBERTURA C/TELHAS CERÂMICAS;M2;60,90
1;14.1.3;DEMOLIÇÃO DE ALVENARIA DE TIJOLOS S/ REAPROVEITAMENTO;M3;15,33
1;14.1.4;RETIRADA DE GRADE DE FERRO;M2;24,41
1;14.1.5;RETIRADA DE PAVIMENTAÇÃO EM PARALELEPÍPEDO OU PEDRA TOSCA;M2;30,00
1;14.1.6;RASPAGEM E LIMPEZA DO TERRENO;M2;58,56
1;14.1.7;CARGA MANUAL DE ENTULHO EM CAMINHÃO BASCULANTE;M3;28,50
1;14.1.8;TRANSPORTE DE MATERIAL, EXCETO ROCHA EM CAMINHÃO ATÉ 20KM;M3;28,50
1;14.1.9;TRANSPORTE HORIZONTAL DE 60,01 ATÉ 100,00M DE MATERIAIS À GRANEL;M3;28,50
1;14.2;COBERTA;;
1;14.2.1;ESTRUTURA DE MADEIRA P/ TELHA ONDULADA DE FIBROCIMENTO, ALUMÍNIO OU PLÁSTICAS,VÃO 15m;M2;60,90
1;14.2.2;TELHA DE FIBROCIMENTO ONDULADA E= 8mm, INCLINAÇÃO 27%;M2;60,90
1;14.3;PISO EXTERNO;;
1;14.3.1;PISO CIMENTADO COM ARGAMASSA DE CIMENTO E AREIA S/ PENEIRAR ESP. 2,0 cm;M2;58,56
1;14.3.2;RECOMPOSIÇÃO DE PAVIMENTAÇÃO EM PEDRA TOSCA C/REJUNTAMENTO;M2;30,00
1;14.4;PINTURA E REVESTIMENTOS;;
1;14.4.1;CHAPISCO C/ ARGAMASSA DE CIMENTO E PEDRISCO TRAÇO 1:4ESP.= 7mm P/ PAREDE;M2;15,12
1;14.4.2;REBOCO C/ ARGAMASSA DE CIMENTO E AREIA PENEIRADA, TRAÇO 1:3;M2;15,12
1;14.4.3;REVESTIMENTO TEXTURIZADO EM PAREDES INTERNA/EXTERNA C/ROLO;M2;50,40
1;14.4.4;ESMALTE DUAS DEMÃOS EM ESQUADRIAS DE FERRO;M2;30,00
1;14.4.5;ANDAIME METÁLICO DE ENCAIXE P/FACHADAS-LOCAÇÃO MENSAL;M2;50,40
1;14.5;ESQUADRIAS;;
1;14.5.1;GRADE DE FERRO TUBULAR C/MOLDURA EM BARRA CHATA DE FERRO;M2;12,00
0,91113113;15;INSTALAÇÕES;;
1;15.1;INSTALAÇÕES ELÉTRICAS;;
1;15.1.1;QUADRO DE FORÇA, C/ BARRAMENTO (0.90X1.90X0.60)M;UN;1,00
1;15.1.2;QUADRO P/ MEDIÇÃO EM POSTE DE CONCRETO;UN;1,00
1;15.1.3;QUADRO DE DISTRIBUIÇÃO DE LUZ EMBUTIR ATÉ 12 DIVISÕES 207X332X95mm, C/BARRAMENTO;UN;9,00
1;15.1.4;DISJUNTOR TERMOMAGNÉTICO TRIPOLAR 125 A, COM CAIXA MOLDADA 10 KA;UN;1,00
1;15.1.5;DISJUNTOR TRIPOLAR EM QUADRO DE DISTRIBUIÇÃO 60A;UN;8,00
1;15.1.6;DISJUNTOR TRIPOLAR EM QUADRO DE DISTRIBUIÇÃO 70A;UN;1,00
1;15.1.7;DISJUNTOR DIFERENCIAL DR-16A - 40A, 30mA;UN;9,00
1;15.1.8;CABO EM PVC 1000V50MM2;M;600,00
1;15.1.9;CABO EM PVC 1000V25MM2;M;200,00
1;15.1.10;CABO EM PVC 1000V16MM2;M;200,00
1;15.1.11;LUMINÁRIA DE SOBREPOR/EMBUTIR RETANGULAR EM PA(POLYAMIDE) COM REFLETOR EM PMMA OPTICO PARA 2 LED'S TUBULARES T5 DE 20W, TONALIDADE 5000K, COR BRANCA, GRAU DE PROTEÇÃO IP20 E 1 LED DRIVER - COMPLETA;UN;141,00
1;15.1.12;PROJETOR, EM LED (TEMPERATURA DE COR 4000K), CORPO EM ALUMÍNIO, LENTE EM ACRÍLICO E VEDAÇÃO EM SILICONE, GRAU DE PROTEÇÃO IP65, POTÊNCIA MÍNIMA 60W E MÁXIMA 70W, FLUXO LUMINOSO MÍNIMO 5.000LM, FATOR DE POTÊNCIA MÍNIMO 0,92;UN;3,00
1;15.1.13;PONTO ELÉTRICO, MATERIAL E EXECUÇÃO;PT;309,00
1;15.1.14;CAIXA EM ALVENARIA (60X60X60cm) DE 1/2 TIJOLO COMUM, LASTRO DE BRITA E TAMPA DE CONCRETO;UN;6,00
1;15.1.15;"RASGO EM ALVENARIA P/TUBULAÇÕES D=15 A 25mm (1/2"" A 1"")";M;60,00
0,571472844;15.2;INSTALAÇÕES DE REDE;;
1;15.2.1;CANALETA EVOLUTIVA SISTEMA DLP 60MM X 50MM COM DIVISÓRIA INTERNA;M;200,00
1;15.2.2;DERIVAÇÃO EM PVC SISTEMA DLP 60MM X 50MM;UN;68,00
1;15.2.3;"TOMADA PARA LÓGICA, COM 1 CONECTOR RJ45, 8 FIOS, CAT-5E, COMPLETA PARA CAIXA 4""x4"" (NÃO INCLUSA)";UN;34,00
1;15.2.4;CABO LÓGICO 4 PARES, CATEGORIA 6 - UTP;M;340,00
1;15.2.5;"ELETRODUTO PVC ROSC.INCL.CONEXÕES D= 32mm (1"")";M;204,00
0;15.2.6;"PATCH PANEL 24 PORTAS, CATEGORIA ""5"" FURUKAWA";UN;34,00
0;15.2.7;PATCH CABLE EXTRA-FLEXÍVEL RJ-45/RJ-45 DE 1,50m;UN;34,00
0;15.2.8;PATCH CABLE EXTRA-FLEXÍVEL RJ-45/RJ-45 DE 2,50m;UN;34,00
0;15.2.9;"RÉGUA DE TOMADAS ELÉTRICAS, COM 08 TOMADAS, PADRÃO RACK 19""";UN;1,00
